[1, 0, 'Not Empty Grid']
[2, 0, 'Not Empty Grid']
[5, 0, 'Not Empty Grid']
[7, 0, 'Not Empty Grid']
[8, 0, 'Not Empty Grid']
[9, 0, 'Not Empty Grid']
[1, 1, 'Not Empty Grid']
[2, 1, 'Not Empty Grid']
[3, 1, 'Not Empty Grid']
[4, 1, 'Not Empty Grid']
[5, 1, 'Not Empty Grid']
[6, 1, 'Not Empty Grid']
[7, 1, 'Not Empty Grid']
[8, 1, 'Not Empty Grid']
[9, 1, 'Not Empty Grid']
[10, 1, 'Not Empty Grid']
[13, 1, 'Not Empty Grid']
[14, 1, 'Not Empty Grid']
[15, 1, 'Not Empty Grid']
[16, 1, 'Not Empty Grid']
[17, 1, 'Not Empty Grid']
[18, 1, 'Not Empty Grid']
[19, 1, 'Not Empty Grid']
[20, 1, 'Not Empty Grid']
[21, 1, 'Not Empty Grid']
[22, 1, 'Not Empty Grid']
[23, 1, 'Not Empty Grid']
[25, 1, 'Not Empty Grid']
[27, 1, 'Not Empty Grid']
[28, 1, 'Not Empty Grid']
[30, 1, 'Not Empty Grid']
[52, 1, 'Not Empty Grid']
[53, 1, 'Not Empty Grid']
[54, 1, 'Not Empty Grid']
[55, 1, 'Not Empty Grid']
[56, 1, 'Not Empty Grid']
[60, 1, 'Not Empty Grid']
[61, 1, 'Not Empty Grid']
[1, 2, 'Not Empty Grid']
[2, 2, 'Not Empty Grid']
[4, 2, 'Not Empty Grid']
[5, 2, 'Not Empty Grid']
[6, 2, 'Not Empty Grid']
[7, 2, 'Not Empty Grid']
[8, 2, 'Not Empty Grid']
[9, 2, 'Not Empty Grid']
[10, 2, 'Not Empty Grid']
[11, 2, 'Not Empty Grid']
[12, 2, 'Not Empty Grid']
[15, 2, 'Not Empty Grid']
[16, 2, 'Not Empty Grid']
[17, 2, 'Not Empty Grid']
[18, 2, 'Not Empty Grid']
[19, 2, 'Not Empty Grid']
[20, 2, 'Not Empty Grid']
[21, 2, 'Not Empty Grid']
[22, 2, 'Not Empty Grid']
[24, 2, 'Not Empty Grid']
[25, 2, 'Not Empty Grid']
[26, 2, 'Not Empty Grid']
[27, 2, 'Not Empty Grid']
[29, 2, 'Not Empty Grid']
[30, 2, 'Not Empty Grid']
[31, 2, 'Not Empty Grid']
[32, 2, 'Not Empty Grid']
[33, 2, 'Not Empty Grid']
[34, 2, 'Not Empty Grid']
[35, 2, 'Not Empty Grid']
[36, 2, 'Not Empty Grid']
[37, 2, 'Not Empty Grid']
[38, 2, 'Not Empty Grid']
[39, 2, 'Not Empty Grid']
[40, 2, 'Not Empty Grid']
[41, 2, 'Not Empty Grid']
[46, 2, 'Not Empty Grid']
[47, 2, 'Not Empty Grid']
[52, 2, 'Not Empty Grid']
[53, 2, 'Not Empty Grid']
[54, 2, 'Not Empty Grid']
[56, 2, 'Not Empty Grid']
[60, 2, 'Not Empty Grid']
[61, 2, 'Not Empty Grid']
[1, 3, 'Not Empty Grid']
[2, 3, 'Not Empty Grid']
[3, 3, 'Not Empty Grid']
[4, 3, 'Not Empty Grid']
[5, 3, 'Not Empty Grid']
[6, 3, 'Not Empty Grid']
[7, 3, 'Not Empty Grid']
[8, 3, 'Not Empty Grid']
[9, 3, 'Not Empty Grid']
[10, 3, 'Not Empty Grid']
[11, 3, 'Not Empty Grid']
[12, 3, 'Not Empty Grid']
[13, 3, 'Not Empty Grid']
[14, 3, 'Not Empty Grid']
[15, 3, 'Not Empty Grid']
[16, 3, 'Not Empty Grid']
[17, 3, 'Not Empty Grid']
[18, 3, 'Not Empty Grid']
[19, 3, 'Not Empty Grid']
[21, 3, 'Not Empty Grid']
[23, 3, 'Not Empty Grid']
[24, 3, 'Not Empty Grid']
[26, 3, 'Not Empty Grid']
[27, 3, 'Not Empty Grid']
[28, 3, 'Not Empty Grid']
[29, 3, 'Not Empty Grid']
[30, 3, 'Not Empty Grid']
[31, 3, 'Not Empty Grid']
[33, 3, 'Not Empty Grid']
[34, 3, 'Not Empty Grid']
[35, 3, 'Not Empty Grid']
[36, 3, 'Not Empty Grid']
[37, 3, 'Not Empty Grid']
[38, 3, 'Not Empty Grid']
[39, 3, 'Not Empty Grid']
[40, 3, 'Not Empty Grid']
[41, 3, 'Not Empty Grid']
[47, 3, 'Not Empty Grid']
[48, 3, 'Not Empty Grid']
[49, 3, 'Not Empty Grid']
[50, 3, 'Not Empty Grid']
[52, 3, 'Not Empty Grid']
[53, 3, 'Not Empty Grid']
[54, 3, 'Not Empty Grid']
[55, 3, 'Not Empty Grid']
[56, 3, 'Not Empty Grid']
[59, 3, 'Not Empty Grid']
[60, 3, 'Not Empty Grid']
[61, 3, 'Not Empty Grid']
[1, 4, 'Not Empty Grid']
[3, 4, 'Not Empty Grid']
[4, 4, 'Not Empty Grid']
[5, 4, 'Not Empty Grid']
[6, 4, 'Not Empty Grid']
[7, 4, 'Not Empty Grid']
[8, 4, 'Not Empty Grid']
[9, 4, 'Not Empty Grid']
[10, 4, 'Not Empty Grid']
[11, 4, 'Not Empty Grid']
[12, 4, 'Not Empty Grid']
[13, 4, 'Not Empty Grid']
[14, 4, 'Not Empty Grid']
[15, 4, 'Not Empty Grid']
[16, 4, 'Not Empty Grid']
[17, 4, 'Not Empty Grid']
[18, 4, 'Not Empty Grid']
[20, 4, 'Not Empty Grid']
[21, 4, 'Not Empty Grid']
[22, 4, 'Not Empty Grid']
[23, 4, 'Not Empty Grid']
[24, 4, 'Not Empty Grid']
[26, 4, 'Not Empty Grid']
[27, 4, 'Not Empty Grid']
[28, 4, 'Not Empty Grid']
[29, 4, 'Not Empty Grid']
[30, 4, 'Not Empty Grid']
[31, 4, 'Not Empty Grid']
[32, 4, 'Not Empty Grid']
[33, 4, 'Not Empty Grid']
[34, 4, 'Not Empty Grid']
[35, 4, 'Not Empty Grid']
[36, 4, 'Not Empty Grid']
[37, 4, 'Not Empty Grid']
[38, 4, 'Not Empty Grid']
[41, 4, 'Not Empty Grid']
[47, 4, 'Not Empty Grid']
[48, 4, 'Not Empty Grid']
[49, 4, 'Not Empty Grid']
[52, 4, 'Not Empty Grid']
[53, 4, 'Not Empty Grid']
[54, 4, 'Not Empty Grid']
[55, 4, 'Not Empty Grid']
[56, 4, 'Not Empty Grid']
[59, 4, 'Not Empty Grid']
[60, 4, 'Not Empty Grid']
[61, 4, 'Not Empty Grid']
[1, 5, 'Not Empty Grid']
[2, 5, 'Not Empty Grid']
[4, 5, 'Not Empty Grid']
[5, 5, 'Not Empty Grid']
[6, 5, 'Not Empty Grid']
[7, 5, 'Not Empty Grid']
[8, 5, 'Not Empty Grid']
[9, 5, 'Not Empty Grid']
[10, 5, 'Not Empty Grid']
[11, 5, 'Not Empty Grid']
[12, 5, 'Not Empty Grid']
[13, 5, 'Not Empty Grid']
[14, 5, 'Not Empty Grid']
[15, 5, 'Not Empty Grid']
[16, 5, 'Not Empty Grid']
[17, 5, 'Not Empty Grid']
[18, 5, 'Not Empty Grid']
[19, 5, 'Not Empty Grid']
[20, 5, 'Not Empty Grid']
[21, 5, 'Not Empty Grid']
[22, 5, 'Not Empty Grid']
[24, 5, 'Not Empty Grid']
[25, 5, 'Not Empty Grid']
[26, 5, 'Not Empty Grid']
[27, 5, 'Not Empty Grid']
[28, 5, 'Not Empty Grid']
[30, 5, 'Not Empty Grid']
[31, 5, 'Not Empty Grid']
[47, 5, 'Not Empty Grid']
[48, 5, 'Not Empty Grid']
[49, 5, 'Not Empty Grid']
[50, 5, 'Not Empty Grid']
[52, 5, 'Not Empty Grid']
[53, 5, 'Not Empty Grid']
[54, 5, 'Not Empty Grid']
[55, 5, 'Not Empty Grid']
[56, 5, 'Not Empty Grid']
[59, 5, 'Not Empty Grid']
[60, 5, 'Not Empty Grid']
[61, 5, 'Not Empty Grid']
[1, 6, 'Not Empty Grid']
[3, 6, 'Not Empty Grid']
[4, 6, 'Not Empty Grid']
[5, 6, 'Not Empty Grid']
[6, 6, 'Not Empty Grid']
[7, 6, 'Not Empty Grid']
[8, 6, 'Not Empty Grid']
[9, 6, 'Not Empty Grid']
[10, 6, 'Not Empty Grid']
[11, 6, 'Not Empty Grid']
[12, 6, 'Not Empty Grid']
[13, 6, 'Not Empty Grid']
[16, 6, 'Not Empty Grid']
[17, 6, 'Not Empty Grid']
[18, 6, 'Not Empty Grid']
[39, 6, 'Not Empty Grid']
[40, 6, 'Not Empty Grid']
[41, 6, 'Not Empty Grid']
[48, 6, 'Not Empty Grid']
[49, 6, 'Not Empty Grid']
[51, 6, 'Not Empty Grid']
[54, 6, 'Not Empty Grid']
[58, 6, 'Not Empty Grid']
[59, 6, 'Not Empty Grid']
[60, 6, 'Not Empty Grid']
[61, 6, 'Not Empty Grid']
[1, 7, 'Not Empty Grid']
[2, 7, 'Not Empty Grid']
[3, 7, 'Not Empty Grid']
[4, 7, 'Not Empty Grid']
[20, 7, 'Not Empty Grid']
[]
[25, 7, 'Not Empty Grid']
[27, 7, 'Not Empty Grid']
[28, 7, 'Not Empty Grid']
[29, 7, 'Not Empty Grid']
[30, 7, 'Not Empty Grid']
[31, 7, 'Not Empty Grid']
[32, 7, 'Not Empty Grid']
[33, 7, 'Not Empty Grid']
[34, 7, 'Not Empty Grid']
[35, 7, 'Not Empty Grid']
[36, 7, 'Not Empty Grid']
[37, 7, 'Not Empty Grid']
[38, 7, 'Not Empty Grid']
[39, 7, 'Not Empty Grid']
[41, 7, 'Not Empty Grid']
[49, 7, 'Not Empty Grid']
[50, 7, 'Not Empty Grid']
[51, 7, 'Not Empty Grid']
[58, 7, 'Not Empty Grid']
[59, 7, 'Not Empty Grid']
[60, 7, 'Not Empty Grid']
[9, 8, 'Not Empty Grid']
[10, 8, 'Not Empty Grid']
[12, 8, 'Not Empty Grid']
[13, 8, 'Not Empty Grid']
[15, 8, 'Not Empty Grid']
[16, 8, 'Not Empty Grid']
[17, 8, 'Not Empty Grid']
[18, 8, 'Not Empty Grid']
[19, 8, 'Not Empty Grid']
[20, 8, 'Not Empty Grid']
[23, 8, 'Not Empty Grid']
[24, 8, 'Not Empty Grid']
[26, 8, 'Not Empty Grid']
[27, 8, 'Not Empty Grid']
[29, 8, 'Not Empty Grid']
[30, 8, 'Not Empty Grid']
[31, 8, 'Not Empty Grid']
[32, 8, 'Not Empty Grid']
[34, 8, 'Not Empty Grid']
[35, 8, 'Not Empty Grid']
[36, 8, 'Not Empty Grid']
[39, 8, 'Not Empty Grid']
[40, 8, 'Not Empty Grid']
[50, 8, 'Not Empty Grid']
[51, 8, 'Not Empty Grid']
[60, 8, 'Not Empty Grid']
[1, 9, 'Not Empty Grid']
[3, 9, 'Not Empty Grid']
[4, 9, 'Not Empty Grid']
[5, 9, 'Not Empty Grid']
[6, 9, 'Not Empty Grid']
[7, 9, 'Not Empty Grid']
[8, 9, 'Not Empty Grid']
[9, 9, 'Not Empty Grid']
[10, 9, 'Not Empty Grid']
[12, 9, 'Not Empty Grid']
[13, 9, 'Not Empty Grid']
[14, 9, 'Not Empty Grid']
[15, 9, 'Not Empty Grid']
[16, 9, 'Not Empty Grid']
[17, 9, 'Not Empty Grid']
[18, 9, 'Not Empty Grid']
[19, 9, 'Not Empty Grid']
[20, 9, 'Not Empty Grid']
[21, 9, 'Not Empty Grid']
[22, 9, 'Not Empty Grid']
[23, 9, 'Not Empty Grid']
[24, 9, 'Not Empty Grid']
[26, 9, 'Not Empty Grid']
[27, 9, 'Not Empty Grid']
[28, 9, 'Not Empty Grid']
[29, 9, 'Not Empty Grid']
[30, 9, 'Not Empty Grid']
[31, 9, 'Not Empty Grid']
[32, 9, 'Not Empty Grid']
[33, 9, 'Not Empty Grid']
[34, 9, 'Not Empty Grid']
[35, 9, 'Not Empty Grid']
[38, 9, 'Not Empty Grid']
[40, 9, 'Not Empty Grid']
[41, 9, 'Not Empty Grid']
[50, 9, 'Not Empty Grid']
[51, 9, 'Not Empty Grid']
[52, 9, 'Not Empty Grid']
[53, 9, 'Not Empty Grid']
[54, 9, 'Not Empty Grid']
[55, 9, 'Not Empty Grid']
[56, 9, 'Not Empty Grid']
[57, 9, 'Not Empty Grid']
[58, 9, 'Not Empty Grid']
[59, 9, 'Not Empty Grid']
[1, 10, 'Not Empty Grid']
[2, 10, 'Not Empty Grid']
[5, 10, 'Not Empty Grid']
[6, 10, 'Not Empty Grid']
[7, 10, 'Not Empty Grid']
[8, 10, 'Not Empty Grid']
[9, 10, 'Not Empty Grid']
[11, 10, 'Not Empty Grid']
[12, 10, 'Not Empty Grid']
[13, 10, 'Not Empty Grid']
[14, 10, 'Not Empty Grid']
[15, 10, 'Not Empty Grid']
[16, 10, 'Not Empty Grid']
[17, 10, 'Not Empty Grid']
[18, 10, 'Not Empty Grid']
[19, 10, 'Not Empty Grid']
[21, 10, 'Not Empty Grid']
[22, 10, 'Not Empty Grid']
[23, 10, 'Not Empty Grid']
[24, 10, 'Not Empty Grid']
[25, 10, 'Not Empty Grid']
[26, 10, 'Not Empty Grid']
[28, 10, 'Not Empty Grid']
[29, 10, 'Not Empty Grid']
[30, 10, 'Not Empty Grid']
[31, 10, 'Not Empty Grid']
[33, 10, 'Not Empty Grid']
[34, 10, 'Not Empty Grid']
[35, 10, 'Not Empty Grid']
[36, 10, 'Not Empty Grid']
[37, 10, 'Not Empty Grid']
[38, 10, 'Not Empty Grid']
[40, 10, 'Not Empty Grid']
[41, 10, 'Not Empty Grid']
[51, 10, 'Not Empty Grid']
[52, 10, 'Not Empty Grid']
[53, 10, 'Not Empty Grid']
[54, 10, 'Not Empty Grid']
[55, 10, 'Not Empty Grid']
[56, 10, 'Not Empty Grid']
[57, 10, 'Not Empty Grid']
[58, 10, 'Not Empty Grid']
[59, 10, 'Not Empty Grid']
[2, 11, 'Not Empty Grid']
[3, 11, 'Not Empty Grid']
[5, 11, 'Not Empty Grid']
[6, 11, 'Not Empty Grid']
[7, 11, 'Not Empty Grid']
[8, 11, 'Not Empty Grid']
[9, 11, 'Not Empty Grid']
[10, 11, 'Not Empty Grid']
[11, 11, 'Not Empty Grid']
[12, 11, 'Not Empty Grid']
[13, 11, 'Not Empty Grid']
[14, 11, 'Not Empty Grid']
[15, 11, 'Not Empty Grid']
[16, 11, 'Not Empty Grid']
[18, 11, 'Not Empty Grid']
[19, 11, 'Not Empty Grid']
[20, 11, 'Not Empty Grid']
[21, 11, 'Not Empty Grid']
[22, 11, 'Not Empty Grid']
[23, 11, 'Not Empty Grid']
[24, 11, 'Not Empty Grid']
[25, 11, 'Not Empty Grid']
[26, 11, 'Not Empty Grid']
[27, 11, 'Not Empty Grid']
[28, 11, 'Not Empty Grid']
[29, 11, 'Not Empty Grid']
[30, 11, 'Not Empty Grid']
[31, 11, 'Not Empty Grid']
[32, 11, 'Not Empty Grid']
[33, 11, 'Not Empty Grid']
[34, 11, 'Not Empty Grid']
[35, 11, 'Not Empty Grid']
[36, 11, 'Not Empty Grid']
[37, 11, 'Not Empty Grid']
[38, 11, 'Not Empty Grid']
[39, 11, 'Not Empty Grid']
[40, 11, 'Not Empty Grid']
[41, 11, 'Not Empty Grid']
[52, 11, 'Not Empty Grid']
[53, 11, 'Not Empty Grid']
[54, 11, 'Not Empty Grid']
[55, 11, 'Not Empty Grid']
[56, 11, 'Not Empty Grid']
[57, 11, 'Not Empty Grid']
[58, 11, 'Not Empty Grid']
[59, 11, 'Not Empty Grid']
[8, 12, 'Not Empty Grid']
[14, 12, 'Not Empty Grid']
[17, 12, 'Not Empty Grid']
[19, 12, 'Not Empty Grid']
[21, 12, 'Not Empty Grid']
[22, 12, 'Not Empty Grid']
[23, 12, 'Not Empty Grid']
[24, 12, 'Not Empty Grid']
[25, 12, 'Not Empty Grid']
[26, 12, 'Not Empty Grid']
[27, 12, 'Not Empty Grid']
[28, 12, 'Not Empty Grid']
[29, 12, 'Not Empty Grid']
[31, 12, 'Not Empty Grid']
[32, 12, 'Not Empty Grid']
[33, 12, 'Not Empty Grid']
[34, 12, 'Not Empty Grid']
[35, 12, 'Not Empty Grid']
[36, 12, 'Not Empty Grid']
[37, 12, 'Not Empty Grid']
[38, 12, 'Not Empty Grid']
[39, 12, 'Not Empty Grid']
[40, 12, 'Not Empty Grid']
[41, 12, 'Not Empty Grid']
[47, 12, 'Not Empty Grid']
[49, 12, 'Not Empty Grid']
[52, 12, 'Not Empty Grid']
[53, 12, 'Not Empty Grid']
[54, 12, 'Not Empty Grid']
[56, 12, 'Not Empty Grid']
[57, 12, 'Not Empty Grid']
[58, 12, 'Not Empty Grid']
[32, 13, 'Not Empty Grid']
[34, 13, 'Not Empty Grid']
[35, 13, 'Not Empty Grid']
[36, 13, 'Not Empty Grid']
[39, 13, 'Not Empty Grid']
[40, 13, 'Not Empty Grid']
[41, 13, 'Not Empty Grid']
[45, 13, 'Not Empty Grid']
[47, 13, 'Not Empty Grid']
[48, 13, 'Not Empty Grid']
[49, 13, 'Not Empty Grid']
[50, 13, 'Not Empty Grid']
[52, 13, 'Not Empty Grid']
[53, 13, 'Not Empty Grid']
[54, 13, 'Not Empty Grid']
[55, 13, 'Not Empty Grid']
[56, 13, 'Not Empty Grid']
[57, 13, 'Not Empty Grid']
[58, 13, 'Not Empty Grid']
[20, 14, 'Not Empty Grid']
[]
[45, 14, 'Not Empty Grid']
[46, 14, 'Not Empty Grid']
[47, 14, 'Not Empty Grid']
[48, 14, 'Not Empty Grid']
[52, 14, 'Not Empty Grid']
[54, 14, 'Not Empty Grid']
[55, 14, 'Not Empty Grid']
[56, 14, 'Not Empty Grid']
[57, 14, 'Not Empty Grid']
[16, 15, 'Not Empty Grid']
[17, 15, 'Not Empty Grid']
[18, 15, 'Not Empty Grid']
[19, 15, 'Not Empty Grid']
[20, 15, 'Not Empty Grid']
[21, 15, 'Not Empty Grid']
[22, 15, 'Not Empty Grid']
[23, 15, 'Not Empty Grid']
[24, 15, 'Not Empty Grid']
[25, 15, 'Not Empty Grid']
[45, 15, 'Not Empty Grid']
[46, 15, 'Not Empty Grid']
[52, 15, 'Not Empty Grid']
[53, 15, 'Not Empty Grid']
[54, 15, 'Not Empty Grid']
[58, 15, 'Not Empty Grid']
[17, 16, 'Not Empty Grid']
[18, 16, 'Not Empty Grid']
[19, 16, 'Not Empty Grid']
[20, 16, 'Not Empty Grid']
[21, 16, 'Not Empty Grid']
[22, 16, 'Not Empty Grid']
[24, 16, 'Not Empty Grid']
[25, 16, 'Not Empty Grid']
[26, 16, 'Not Empty Grid']
[46, 16, 'Not Empty Grid']
[48, 16, 'Not Empty Grid']
[49, 16, 'Not Empty Grid']
[52, 16, 'Not Empty Grid']
[53, 16, 'Not Empty Grid']
[54, 16, 'Not Empty Grid']
[55, 16, 'Not Empty Grid']
[56, 16, 'Not Empty Grid']
[57, 16, 'Not Empty Grid']
[58, 16, 'Not Empty Grid']
[16, 17, 'Not Empty Grid']
[17, 17, 'Not Empty Grid']
[19, 17, 'Not Empty Grid']
[20, 17, 'Not Empty Grid']
[21, 17, 'Not Empty Grid']
[22, 17, 'Not Empty Grid']
[23, 17, 'Not Empty Grid']
[24, 17, 'Not Empty Grid']
[25, 17, 'Not Empty Grid']
[26, 17, 'Not Empty Grid']
[27, 17, 'Not Empty Grid']
[]
[52, 17, 'Not Empty Grid']
[53, 17, 'Not Empty Grid']
[54, 17, 'Not Empty Grid']
[55, 17, 'Not Empty Grid']
[56, 17, 'Not Empty Grid']
[57, 17, 'Not Empty Grid']
[5, 18, 'Not Empty Grid']
[7, 18, 'Not Empty Grid']
[8, 18, 'Not Empty Grid']
[9, 18, 'Not Empty Grid']
[10, 18, 'Not Empty Grid']
[33, 18, 'Not Empty Grid']
[34, 18, 'Not Empty Grid']
[35, 18, 'Not Empty Grid']
[36, 18, 'Not Empty Grid']
[37, 18, 'Not Empty Grid']
[46, 18, 'Not Empty Grid']
[49, 18, 'Not Empty Grid']
[50, 18, 'Not Empty Grid']
[53, 18, 'Not Empty Grid']
[54, 18, 'Not Empty Grid']
[55, 18, 'Not Empty Grid']
[56, 18, 'Not Empty Grid']
[57, 18, 'Not Empty Grid']
[2, 19, 'Not Empty Grid']
[3, 19, 'Not Empty Grid']
[4, 19, 'Not Empty Grid']
[5, 19, 'Not Empty Grid']
[6, 19, 'Not Empty Grid']
[7, 19, 'Not Empty Grid']
[8, 19, 'Not Empty Grid']
[9, 19, 'Not Empty Grid']
[11, 19, 'Not Empty Grid']
[12, 19, 'Not Empty Grid']
[13, 19, 'Not Empty Grid']
[14, 19, 'Not Empty Grid']
[19, 19, 'Not Empty Grid']
[20, 19, 'Not Empty Grid']
[21, 19, 'Not Empty Grid']
[22, 19, 'Not Empty Grid']
[23, 19, 'Not Empty Grid']
[25, 19, 'Not Empty Grid']
[26, 19, 'Not Empty Grid']
[31, 19, 'Not Empty Grid']
[32, 19, 'Not Empty Grid']
[33, 19, 'Not Empty Grid']
[34, 19, 'Not Empty Grid']
[35, 19, 'Not Empty Grid']
[36, 19, 'Not Empty Grid']
[37, 19, 'Not Empty Grid']
[38, 19, 'Not Empty Grid']
[39, 19, 'Not Empty Grid']
[40, 19, 'Not Empty Grid']
[41, 19, 'Not Empty Grid']
[44, 19, 'Not Empty Grid']
[45, 19, 'Not Empty Grid']
[46, 19, 'Not Empty Grid']
[49, 19, 'Not Empty Grid']
[50, 19, 'Not Empty Grid']
[52, 19, 'Not Empty Grid']
[53, 19, 'Not Empty Grid']
[54, 19, 'Not Empty Grid']
[55, 19, 'Not Empty Grid']
[56, 19, 'Not Empty Grid']
[57, 19, 'Not Empty Grid']
[58, 19, 'Not Empty Grid']
[0, 20, 'Not Empty Grid']
[1, 20, 'Not Empty Grid']
[2, 20, 'Not Empty Grid']
[3, 20, 'Not Empty Grid']
[4, 20, 'Not Empty Grid']
[5, 20, 'Not Empty Grid']
[6, 20, 'Not Empty Grid']
[7, 20, 'Not Empty Grid']
[8, 20, 'Not Empty Grid']
[9, 20, 'Not Empty Grid']
[10, 20, 'Not Empty Grid']
[11, 20, 'Not Empty Grid']
[12, 20, 'Not Empty Grid']
[14, 20, 'Not Empty Grid']
[15, 20, 'Not Empty Grid']
[16, 20, 'Not Empty Grid']
[17, 20, 'Not Empty Grid']
[18, 20, 'Not Empty Grid']
[19, 20, 'Not Empty Grid']
[20, 20, 'Not Empty Grid']
[21, 20, 'Not Empty Grid']
[22, 20, 'Not Empty Grid']
[23, 20, 'Not Empty Grid']
[24, 20, 'Not Empty Grid']
[25, 20, 'Not Empty Grid']
[26, 20, 'Not Empty Grid']
[28, 20, 'Not Empty Grid']
[29, 20, 'Not Empty Grid']
[30, 20, 'Not Empty Grid']
[31, 20, 'Not Empty Grid']
[32, 20, 'Not Empty Grid']
[34, 20, 'Not Empty Grid']
[35, 20, 'Not Empty Grid']
[36, 20, 'Not Empty Grid']
[37, 20, 'Not Empty Grid']
[38, 20, 'Not Empty Grid']
[39, 20, 'Not Empty Grid']
[40, 20, 'Not Empty Grid']
[41, 20, 'Not Empty Grid']
[42, 20, 'Not Empty Grid']
[44, 20, 'Not Empty Grid']
[47, 20, 'Not Empty Grid']
[49, 20, 'Not Empty Grid']
[52, 20, 'Not Empty Grid']
[53, 20, 'Not Empty Grid']
[54, 20, 'Not Empty Grid']
[55, 20, 'Not Empty Grid']
[56, 20, 'Not Empty Grid']
[0, 21, 'Not Empty Grid']
[1, 21, 'Not Empty Grid']
[2, 21, 'Not Empty Grid']
[3, 21, 'Not Empty Grid']
[4, 21, 'Not Empty Grid']
[5, 21, 'Not Empty Grid']
[6, 21, 'Not Empty Grid']
[7, 21, 'Not Empty Grid']
[8, 21, 'Not Empty Grid']
[9, 21, 'Not Empty Grid']
[11, 21, 'Not Empty Grid']
[12, 21, 'Not Empty Grid']
[13, 21, 'Not Empty Grid']
[15, 21, 'Not Empty Grid']
[16, 21, 'Not Empty Grid']
[18, 21, 'Not Empty Grid']
[19, 21, 'Not Empty Grid']
[20, 21, 'Not Empty Grid']
[21, 21, 'Not Empty Grid']
[22, 21, 'Not Empty Grid']
[23, 21, 'Not Empty Grid']
[24, 21, 'Not Empty Grid']
[25, 21, 'Not Empty Grid']
[26, 21, 'Not Empty Grid']
[27, 21, 'Not Empty Grid']
[28, 21, 'Not Empty Grid']
[29, 21, 'Not Empty Grid']
[31, 21, 'Not Empty Grid']
[32, 21, 'Not Empty Grid']
[33, 21, 'Not Empty Grid']
[35, 21, 'Not Empty Grid']
[36, 21, 'Not Empty Grid']
[37, 21, 'Not Empty Grid']
[38, 21, 'Not Empty Grid']
[39, 21, 'Not Empty Grid']
[40, 21, 'Not Empty Grid']
[41, 21, 'Not Empty Grid']
[42, 21, 'Not Empty Grid']
[45, 21, 'Not Empty Grid']
[47, 21, 'Not Empty Grid']
[48, 21, 'Not Empty Grid']
[52, 21, 'Not Empty Grid']
[53, 21, 'Not Empty Grid']
[54, 21, 'Not Empty Grid']
[55, 21, 'Not Empty Grid']
[57, 21, 'Not Empty Grid']
[0, 22, 'Not Empty Grid']
[1, 22, 'Not Empty Grid']
[2, 22, 'Not Empty Grid']
[3, 22, 'Not Empty Grid']
[4, 22, 'Not Empty Grid']
[5, 22, 'Not Empty Grid']
[6, 22, 'Not Empty Grid']
[7, 22, 'Not Empty Grid']
[8, 22, 'Not Empty Grid']
[9, 22, 'Not Empty Grid']
[10, 22, 'Not Empty Grid']
[11, 22, 'Not Empty Grid']
[12, 22, 'Not Empty Grid']
[13, 22, 'Not Empty Grid']
[15, 22, 'Not Empty Grid']
[16, 22, 'Not Empty Grid']
[17, 22, 'Not Empty Grid']
[18, 22, 'Not Empty Grid']
[19, 22, 'Not Empty Grid']
[25, 22, 'Not Empty Grid']
[26, 22, 'Not Empty Grid']
[27, 22, 'Not Empty Grid']
[28, 22, 'Not Empty Grid']
[29, 22, 'Not Empty Grid']
[30, 22, 'Not Empty Grid']
[31, 22, 'Not Empty Grid']
[32, 22, 'Not Empty Grid']
[33, 22, 'Not Empty Grid']
[34, 22, 'Not Empty Grid']
[35, 22, 'Not Empty Grid']
[36, 22, 'Not Empty Grid']
[37, 22, 'Not Empty Grid']
[38, 22, 'Not Empty Grid']
[39, 22, 'Not Empty Grid']
[40, 22, 'Not Empty Grid']
[41, 22, 'Not Empty Grid']
[42, 22, 'Not Empty Grid']
[44, 22, 'Not Empty Grid']
[45, 22, 'Not Empty Grid']
[46, 22, 'Not Empty Grid']
[47, 22, 'Not Empty Grid']
[48, 22, 'Not Empty Grid']
[52, 22, 'Not Empty Grid']
[53, 22, 'Not Empty Grid']
[55, 22, 'Not Empty Grid']
[56, 22, 'Not Empty Grid']
[57, 22, 'Not Empty Grid']
[58, 22, 'Not Empty Grid']
[1, 23, 'Not Empty Grid']
[2, 23, 'Not Empty Grid']
[3, 23, 'Not Empty Grid']
[4, 23, 'Not Empty Grid']
[5, 23, 'Not Empty Grid']
[6, 23, 'Not Empty Grid']
[8, 23, 'Not Empty Grid']
[9, 23, 'Not Empty Grid']
[10, 23, 'Not Empty Grid']
[11, 23, 'Not Empty Grid']
[12, 23, 'Not Empty Grid']
[14, 23, 'Not Empty Grid']
[15, 23, 'Not Empty Grid']
[16, 23, 'Not Empty Grid']
[17, 23, 'Not Empty Grid']
[23, 23, 'Not Empty Grid']
[28, 23, 'Not Empty Grid']
[29, 23, 'Not Empty Grid']
[30, 23, 'Not Empty Grid']
[31, 23, 'Not Empty Grid']
[32, 23, 'Not Empty Grid']
[33, 23, 'Not Empty Grid']
[34, 23, 'Not Empty Grid']
[35, 23, 'Not Empty Grid']
[36, 23, 'Not Empty Grid']
[37, 23, 'Not Empty Grid']
[38, 23, 'Not Empty Grid']
[39, 23, 'Not Empty Grid']
[40, 23, 'Not Empty Grid']
[41, 23, 'Not Empty Grid']
[42, 23, 'Not Empty Grid']
[44, 23, 'Not Empty Grid']
[45, 23, 'Not Empty Grid']
[46, 23, 'Not Empty Grid']
[47, 23, 'Not Empty Grid']
[49, 23, 'Not Empty Grid']
[53, 23, 'Not Empty Grid']
[54, 23, 'Not Empty Grid']
[55, 23, 'Not Empty Grid']
[56, 23, 'Not Empty Grid']
[57, 23, 'Not Empty Grid']
[2, 24, 'Not Empty Grid']
[3, 24, 'Not Empty Grid']
[4, 24, 'Not Empty Grid']
[5, 24, 'Not Empty Grid']
[6, 24, 'Not Empty Grid']
[8, 24, 'Not Empty Grid']
[9, 24, 'Not Empty Grid']
[10, 24, 'Not Empty Grid']
[11, 24, 'Not Empty Grid']
[12, 24, 'Not Empty Grid']
[13, 24, 'Not Empty Grid']
[14, 24, 'Not Empty Grid']
[21, 24, 'Not Empty Grid']
[22, 24, 'Not Empty Grid']
[23, 24, 'Not Empty Grid']
[24, 24, 'Not Empty Grid']
[25, 24, 'Not Empty Grid']
[31, 24, 'Not Empty Grid']
[33, 24, 'Not Empty Grid']
[34, 24, 'Not Empty Grid']
[35, 24, 'Not Empty Grid']
[36, 24, 'Not Empty Grid']
[37, 24, 'Not Empty Grid']
[38, 24, 'Not Empty Grid']
[39, 24, 'Not Empty Grid']
[40, 24, 'Not Empty Grid']
[48, 24, 'Not Empty Grid']
[49, 24, 'Not Empty Grid']
[50, 24, 'Not Empty Grid']
[52, 24, 'Not Empty Grid']
[53, 24, 'Not Empty Grid']
[54, 24, 'Not Empty Grid']
[55, 24, 'Not Empty Grid']
[56, 24, 'Not Empty Grid']
[57, 24, 'Not Empty Grid']
[6, 25, 'Not Empty Grid']
[7, 25, 'Not Empty Grid']
[8, 25, 'Not Empty Grid']
[9, 25, 'Not Empty Grid']
[10, 25, 'Not Empty Grid']
[19, 25, 'Not Empty Grid']
[20, 25, 'Not Empty Grid']
[21, 25, 'Not Empty Grid']
[23, 25, 'Not Empty Grid']
[24, 25, 'Not Empty Grid']
[25, 25, 'Not Empty Grid']
[26, 25, 'Not Empty Grid']
[27, 25, 'Not Empty Grid']
[]
[35, 25, 'Not Empty Grid']
[36, 25, 'Not Empty Grid']
[37, 25, 'Not Empty Grid']
[38, 25, 'Not Empty Grid']
[47, 25, 'Not Empty Grid']
[48, 25, 'Not Empty Grid']
[49, 25, 'Not Empty Grid']
[50, 25, 'Not Empty Grid']
[52, 25, 'Not Empty Grid']
[53, 25, 'Not Empty Grid']
[54, 25, 'Not Empty Grid']
[55, 25, 'Not Empty Grid']
[56, 25, 'Not Empty Grid']
[57, 25, 'Not Empty Grid']
[58, 25, 'Not Empty Grid']
[16, 26, 'Not Empty Grid']
[18, 26, 'Not Empty Grid']
[19, 26, 'Not Empty Grid']
[20, 26, 'Not Empty Grid']
[21, 26, 'Not Empty Grid']
[22, 26, 'Not Empty Grid']
[23, 26, 'Not Empty Grid']
[24, 26, 'Not Empty Grid']
[25, 26, 'Not Empty Grid']
[26, 26, 'Not Empty Grid']
[27, 26, 'Not Empty Grid']
[28, 26, 'Not Empty Grid']
[30, 26, 'Not Empty Grid']
[45, 26, 'Not Empty Grid']
[46, 26, 'Not Empty Grid']
[47, 26, 'Not Empty Grid']
[48, 26, 'Not Empty Grid']
[49, 26, 'Not Empty Grid']
[52, 26, 'Not Empty Grid']
[53, 26, 'Not Empty Grid']
[54, 26, 'Not Empty Grid']
[55, 26, 'Not Empty Grid']
[56, 26, 'Not Empty Grid']
[57, 26, 'Not Empty Grid']
[58, 26, 'Not Empty Grid']
[3, 27, 'Not Empty Grid']
[13, 27, 'Not Empty Grid']
[14, 27, 'Not Empty Grid']
[15, 27, 'Not Empty Grid']
[16, 27, 'Not Empty Grid']
[17, 27, 'Not Empty Grid']
[21, 27, 'Not Empty Grid']
[22, 27, 'Not Empty Grid']
[23, 27, 'Not Empty Grid']
[24, 27, 'Not Empty Grid']
[25, 27, 'Not Empty Grid']
[26, 27, 'Not Empty Grid']
[29, 27, 'Not Empty Grid']
[30, 27, 'Not Empty Grid']
[31, 27, 'Not Empty Grid']
[32, 27, 'Not Empty Grid']
[33, 27, 'Not Empty Grid']
[34, 27, 'Not Empty Grid']
[35, 27, 'Not Empty Grid']
[36, 27, 'Not Empty Grid']
[44, 27, 'Not Empty Grid']
[45, 27, 'Not Empty Grid']
[48, 27, 'Not Empty Grid']
[52, 27, 'Not Empty Grid']
[53, 27, 'Not Empty Grid']
[54, 27, 'Not Empty Grid']
[55, 27, 'Not Empty Grid']
[56, 27, 'Not Empty Grid']
[57, 27, 'Not Empty Grid']
[58, 27, 'Not Empty Grid']
[2, 28, 'Not Empty Grid']
[3, 28, 'Not Empty Grid']
[4, 28, 'Not Empty Grid']
[6, 28, 'Not Empty Grid']
[8, 28, 'Not Empty Grid']
[9, 28, 'Not Empty Grid']
[10, 28, 'Not Empty Grid']
[11, 28, 'Not Empty Grid']
[14, 28, 'Not Empty Grid']
[15, 28, 'Not Empty Grid']
[16, 28, 'Not Empty Grid']
[17, 28, 'Not Empty Grid']
[18, 28, 'Not Empty Grid']
[19, 28, 'Not Empty Grid']
[20, 28, 'Not Empty Grid']
[21, 28, 'Not Empty Grid']
[22, 28, 'Not Empty Grid']
[23, 28, 'Not Empty Grid']
[24, 28, 'Not Empty Grid']
[25, 28, 'Not Empty Grid']
[26, 28, 'Not Empty Grid']
[29, 28, 'Not Empty Grid']
[30, 28, 'Not Empty Grid']
[31, 28, 'Not Empty Grid']
[32, 28, 'Not Empty Grid']
[35, 28, 'Not Empty Grid']
[44, 28, 'Not Empty Grid']
[46, 28, 'Not Empty Grid']
[47, 28, 'Not Empty Grid']
[48, 28, 'Not Empty Grid']
[49, 28, 'Not Empty Grid']
[52, 28, 'Not Empty Grid']
[53, 28, 'Not Empty Grid']
[54, 28, 'Not Empty Grid']
[55, 28, 'Not Empty Grid']
[56, 28, 'Not Empty Grid']
[57, 28, 'Not Empty Grid']
[1, 29, 'Not Empty Grid']
[2, 29, 'Not Empty Grid']
[3, 29, 'Not Empty Grid']
[4, 29, 'Not Empty Grid']
[5, 29, 'Not Empty Grid']
[6, 29, 'Not Empty Grid']
[7, 29, 'Not Empty Grid']
[8, 29, 'Not Empty Grid']
[9, 29, 'Not Empty Grid']
[10, 29, 'Not Empty Grid']
[12, 29, 'Not Empty Grid']
[13, 29, 'Not Empty Grid']
[14, 29, 'Not Empty Grid']
[15, 29, 'Not Empty Grid']
[16, 29, 'Not Empty Grid']
[17, 29, 'Not Empty Grid']
[18, 29, 'Not Empty Grid']
[19, 29, 'Not Empty Grid']
[20, 29, 'Not Empty Grid']
[21, 29, 'Not Empty Grid']
[24, 29, 'Not Empty Grid']
[25, 29, 'Not Empty Grid']
[26, 29, 'Not Empty Grid']
[27, 29, 'Not Empty Grid']
[28, 29, 'Not Empty Grid']
[30, 29, 'Not Empty Grid']
[31, 29, 'Not Empty Grid']
[32, 29, 'Not Empty Grid']
[33, 29, 'Not Empty Grid']
[34, 29, 'Not Empty Grid']
[35, 29, 'Not Empty Grid']
[36, 29, 'Not Empty Grid']
[37, 29, 'Not Empty Grid']
[39, 29, 'Not Empty Grid']
[40, 29, 'Not Empty Grid']
[41, 29, 'Not Empty Grid']
[45, 29, 'Not Empty Grid']
[46, 29, 'Not Empty Grid']
[47, 29, 'Not Empty Grid']
[50, 29, 'Not Empty Grid']
[52, 29, 'Not Empty Grid']
[53, 29, 'Not Empty Grid']
[54, 29, 'Not Empty Grid']
[55, 29, 'Not Empty Grid']
[56, 29, 'Not Empty Grid']
[57, 29, 'Not Empty Grid']
[1, 30, 'Not Empty Grid']
[3, 30, 'Not Empty Grid']
[5, 30, 'Not Empty Grid']
[6, 30, 'Not Empty Grid']
[8, 30, 'Not Empty Grid']
[10, 30, 'Not Empty Grid']
[11, 30, 'Not Empty Grid']
[12, 30, 'Not Empty Grid']
[13, 30, 'Not Empty Grid']
[15, 30, 'Not Empty Grid']
[16, 30, 'Not Empty Grid']
[18, 30, 'Not Empty Grid']
[19, 30, 'Not Empty Grid']
[20, 30, 'Not Empty Grid']
[21, 30, 'Not Empty Grid']
[22, 30, 'Not Empty Grid']
[23, 30, 'Not Empty Grid']
[24, 30, 'Not Empty Grid']
[25, 30, 'Not Empty Grid']
[26, 30, 'Not Empty Grid']
[27, 30, 'Not Empty Grid']
[29, 30, 'Not Empty Grid']
[30, 30, 'Not Empty Grid']
[31, 30, 'Not Empty Grid']
[32, 30, 'Not Empty Grid']
[33, 30, 'Not Empty Grid']
[36, 30, 'Not Empty Grid']
[37, 30, 'Not Empty Grid']
[38, 30, 'Not Empty Grid']
[39, 30, 'Not Empty Grid']
[40, 30, 'Not Empty Grid']
[41, 30, 'Not Empty Grid']
[42, 30, 'Not Empty Grid']
[43, 30, 'Not Empty Grid']
[45, 30, 'Not Empty Grid']
[47, 30, 'Not Empty Grid']
[50, 30, 'Not Empty Grid']
[52, 30, 'Not Empty Grid']
[54, 30, 'Not Empty Grid']
[55, 30, 'Not Empty Grid']
[56, 30, 'Not Empty Grid']
[1, 31, 'Not Empty Grid']
[2, 31, 'Not Empty Grid']
[3, 31, 'Not Empty Grid']
[4, 31, 'Not Empty Grid']
[5, 31, 'Not Empty Grid']
[6, 31, 'Not Empty Grid']
[7, 31, 'Not Empty Grid']
[8, 31, 'Not Empty Grid']
[11, 31, 'Not Empty Grid']
[12, 31, 'Not Empty Grid']
[14, 31, 'Not Empty Grid']
[17, 31, 'Not Empty Grid']
[18, 31, 'Not Empty Grid']
[21, 31, 'Not Empty Grid']
[22, 31, 'Not Empty Grid']
[23, 31, 'Not Empty Grid']
[24, 31, 'Not Empty Grid']
[25, 31, 'Not Empty Grid']
[26, 31, 'Not Empty Grid']
[27, 31, 'Not Empty Grid']
[28, 31, 'Not Empty Grid']
[29, 31, 'Not Empty Grid']
[30, 31, 'Not Empty Grid']
[31, 31, 'Not Empty Grid']
[32, 31, 'Not Empty Grid']
[34, 31, 'Not Empty Grid']
[35, 31, 'Not Empty Grid']
[36, 31, 'Not Empty Grid']
[37, 31, 'Not Empty Grid']
[38, 31, 'Not Empty Grid']
[39, 31, 'Not Empty Grid']
[42, 31, 'Not Empty Grid']
[47, 31, 'Not Empty Grid']
[48, 31, 'Not Empty Grid']
[49, 31, 'Not Empty Grid']
[50, 31, 'Not Empty Grid']
[53, 31, 'Not Empty Grid']
[54, 31, 'Not Empty Grid']
[55, 31, 'Not Empty Grid']
[56, 31, 'Not Empty Grid']
[57, 31, 'Not Empty Grid']
[2, 32, 'Not Empty Grid']
[5, 32, 'Not Empty Grid']
[6, 32, 'Not Empty Grid']
[7, 32, 'Not Empty Grid']
[8, 32, 'Not Empty Grid']
[9, 32, 'Not Empty Grid']
[10, 32, 'Not Empty Grid']
[11, 32, 'Not Empty Grid']
[12, 32, 'Not Empty Grid']
[13, 32, 'Not Empty Grid']
[14, 32, 'Not Empty Grid']
[15, 32, 'Not Empty Grid']
[17, 32, 'Not Empty Grid']
[18, 32, 'Not Empty Grid']
[19, 32, 'Not Empty Grid']
[20, 32, 'Not Empty Grid']
[21, 32, 'Not Empty Grid']
[23, 32, 'Not Empty Grid']
[24, 32, 'Not Empty Grid']
[25, 32, 'Not Empty Grid']
[26, 32, 'Not Empty Grid']
[27, 32, 'Not Empty Grid']
[28, 32, 'Not Empty Grid']
[29, 32, 'Not Empty Grid']
[30, 32, 'Not Empty Grid']
[31, 32, 'Not Empty Grid']
[32, 32, 'Not Empty Grid']
[33, 32, 'Not Empty Grid']
[34, 32, 'Not Empty Grid']
[36, 32, 'Not Empty Grid']
[38, 32, 'Not Empty Grid']
[39, 32, 'Not Empty Grid']
[40, 32, 'Not Empty Grid']
[41, 32, 'Not Empty Grid']
[42, 32, 'Not Empty Grid']
[]
[47, 32, 'Not Empty Grid']
[50, 32, 'Not Empty Grid']
[53, 32, 'Not Empty Grid']
[54, 32, 'Not Empty Grid']
[55, 32, 'Not Empty Grid']
[56, 32, 'Not Empty Grid']
[2, 33, 'Not Empty Grid']
[3, 33, 'Not Empty Grid']
[4, 33, 'Not Empty Grid']
[5, 33, 'Not Empty Grid']
[6, 33, 'Not Empty Grid']
[7, 33, 'Not Empty Grid']
[9, 33, 'Not Empty Grid']
[11, 33, 'Not Empty Grid']
[12, 33, 'Not Empty Grid']
[14, 33, 'Not Empty Grid']
[15, 33, 'Not Empty Grid']
[16, 33, 'Not Empty Grid']
[17, 33, 'Not Empty Grid']
[18, 33, 'Not Empty Grid']
[19, 33, 'Not Empty Grid']
[20, 33, 'Not Empty Grid']
[21, 33, 'Not Empty Grid']
[22, 33, 'Not Empty Grid']
[23, 33, 'Not Empty Grid']
[25, 33, 'Not Empty Grid']
[26, 33, 'Not Empty Grid']
[27, 33, 'Not Empty Grid']
[28, 33, 'Not Empty Grid']
[29, 33, 'Not Empty Grid']
[30, 33, 'Not Empty Grid']
[31, 33, 'Not Empty Grid']
[32, 33, 'Not Empty Grid']
[33, 33, 'Not Empty Grid']
[34, 33, 'Not Empty Grid']
[35, 33, 'Not Empty Grid']
[36, 33, 'Not Empty Grid']
[37, 33, 'Not Empty Grid']
[38, 33, 'Not Empty Grid']
[39, 33, 'Not Empty Grid']
[]
[53, 33, 'Not Empty Grid']
[54, 33, 'Not Empty Grid']
[55, 33, 'Not Empty Grid']
[2, 34, 'Not Empty Grid']
[3, 34, 'Not Empty Grid']
[5, 34, 'Not Empty Grid']
[7, 34, 'Not Empty Grid']
[8, 34, 'Not Empty Grid']
[9, 34, 'Not Empty Grid']
[10, 34, 'Not Empty Grid']
[12, 34, 'Not Empty Grid']
[13, 34, 'Not Empty Grid']
[15, 34, 'Not Empty Grid']
[17, 34, 'Not Empty Grid']
[19, 34, 'Not Empty Grid']
[20, 34, 'Not Empty Grid']
[21, 34, 'Not Empty Grid']
[23, 34, 'Not Empty Grid']
[24, 34, 'Not Empty Grid']
[25, 34, 'Not Empty Grid']
[28, 34, 'Not Empty Grid']
[29, 34, 'Not Empty Grid']
[30, 34, 'Not Empty Grid']
[31, 34, 'Not Empty Grid']
[32, 34, 'Not Empty Grid']
[33, 34, 'Not Empty Grid']
[35, 34, 'Not Empty Grid']
[36, 34, 'Not Empty Grid']
[37, 34, 'Not Empty Grid']
[]
